City_ID,City,Lat,Lng,Max Temp,Humidity,Cloudiness,Wind Speed,Country,Date
0,sinjai,-5.1241,120.253,29.76,70,95,1.89,ID,1682652666
1,tolanaro,-25.0319,46.9987,22.04,88,75,2.06,MG,1682652879
2,kolonia town,6.964,158.206,27.06,94,100,2.06,FM,1682652879
3,caibarien,22.5206,-79.4669,24.62,77,72,4.87,CU,1682652880
4,edinburgh of the seven seas,-37.0676,-12.3116,16.5,76,98,1.69,SH,1682652880
5,utrik,11.2278,169.8474,26.7,83,86,8.42,MH,1682652880
6,asentamiento humano nicolas de pierola,-11.95,-76.7,17.85,87,68,0.75,PE,1682652881
7,crane,31.3974,-102.3501,21.25,21,45,4.99,US,1682652881
8,bengkulu,-3.8004,102.2655,28.49,75,90,1.74,ID,1682652882
9,kavieng,-2.5744,150.7967,28.9,73,54,1.5,PG,1682652882
10,adamstown,-25.066,-130.1015,24.0,67,31,3.07,PN,1682652882
11,jamestown,42.097,-79.2353,9.8,69,0,4.12,US,1682652588
12,moyo,3.6609,31.7247,18.93,96,100,1.53,UG,1682652883
13,dowa,-13.654,33.9375,12.59,97,47,0.99,MW,1682652884
14,kirakira,-10.4544,161.9205,28.91,72,26,1.34,SB,1682652884
15,ingeniero guillermo n. juarez,-23.9,-61.85,17.44,78,1,3.48,AR,1682652884
16,payyannur,12.1,75.2,31.28,58,95,1.26,IN,1682652885
17,kayangel,8.0823,134.7173,28.91,77,80,3.6,PW,1682652885
18,port blair,11.6667,92.75,31.22,62,74,3.44,IN,1682652755
19,alice springs,-23.7,133.8833,24.75,33,100,4.63,AU,1682652647
20,at taj,24.2049,23.2857,19.75,30,0,4.0,LY,1682652886
21,benguela,-12.5763,13.4055,24.72,87,48,0.77,AO,1682652886
22,argo,37.6333,22.7333,10.44,69,5,1.39,GR,1682652886
23,lazaro cardenas,17.9583,-102.2,24.89,72,95,2.54,MX,1682652887
24,sechura,-5.5569,-80.8222,26.78,67,98,5.23,PE,1682652887
25,springbok,-29.6643,17.8865,9.7,78,44,1.05,ZA,1682652888
26,turaif,31.6725,38.6637,14.14,44,0,3.09,SA,1682652888
27,ribeira grande,38.5167,-28.7,16.54,77,40,9.77,PT,1682652888
28,waingapu,-9.6567,120.2641,29.5,73,82,4.39,ID,1682652889
29,machico,32.7,-16.7667,21.51,71,20,1.03,PT,1682652889
30,san antonio de pale,-1.4014,5.6325,27.84,75,100,3.11,GQ,1682652889
31,laguna,38.421,-121.4238,28.08,41,0,3.09,US,1682652889
32,mount pleasant,32.7941,-79.8626,21.67,96,100,3.6,US,1682652612
33,bardai,11.65,7.2333,25.3,54,100,3.7,NG,1682652890
34,jacksonville,30.3322,-81.6556,20.59,92,100,3.6,US,1682652850
35,linqiong,30.4159,103.4609,18.9,80,100,1.28,CN,1682652891
36,san juan del sur,11.2529,-85.8705,26.41,74,100,1.92,NI,1682652891
37,enewetak,11.3474,162.3373,27.02,82,32,9.1,MH,1682652891
38,saint-philippe,-21.3585,55.7679,22.77,72,42,3.84,RE,1682652891
39,isla del bosque,22.7333,-105.85,21.15,76,0,0.1,MX,1682652892
40,holualoa,19.6228,-155.9522,24.91,82,75,4.63,US,1682652849
41,el triunfo,-1.9333,-79.9667,25.98,94,100,1.54,EC,1682652892
42,pimentel,-6.8367,-79.9342,26.16,69,0,4.63,PE,1682652892
43,nova sintra,14.8667,-24.7167,20.38,78,1,8.39,CV,1682652893
44,porto novo,6.4965,2.6036,25.9,83,100,1.54,BJ,1682652893
45,atafu village,-8.5421,-172.5159,29.06,73,74,7.62,TK,1682652893
46,humaita,-7.5061,-63.0208,23.38,95,100,0.64,BR,1682652894
47,wailua homesteads,22.0669,-159.378,26.24,73,40,7.2,US,1682652894
48,puerto el triunfo,13.2833,-88.55,27.06,79,100,2.0,SV,1682652894
49,nzerekore,7.7562,-8.8179,20.96,99,28,0.95,GN,1682652895
50,kourou,5.1552,-52.6478,23.03,91,83,2.38,GF,1682652895
51,hamilton,39.1834,-84.5333,13.27,90,100,5.14,US,1682652664
52,yichang,30.7144,111.2847,23.21,60,98,1.09,CN,1682652729
53,al musayyib,32.7833,44.2825,27.29,11,4,2.45,IQ,1682652896
54,malvan,16.0667,73.4667,29.1,57,48,1.83,IN,1682652896
55,manakara,-22.1333,48.0167,22.71,72,70,0.94,MG,1682652897
56,puerto ayora,-0.7393,-90.3518,25.86,93,96,2.24,EC,1682652897
57,dom pedrito,-30.9828,-54.6731,14.89,75,88,0.06,BR,1682652897
58,inarajan village,13.2736,144.7484,31.54,84,4,9.17,GU,1682652898
59,lorengau,-2.0226,147.2712,28.74,76,88,1.31,PG,1682652898
60,mayo-belwa,9.05,12.05,26.47,62,100,1.93,NG,1682652898
61,qamdo,31.1667,97.2333,2.96,42,100,1.36,CN,1682652898
62,grand-lahou,5.1367,-5.0242,26.67,86,78,2.12,CI,1682652898
63,sandwip,22.4678,91.4561,30.02,68,19,1.55,BD,1682652899
64,goundam,16.4145,-3.6708,25.85,11,0,3.86,ML,1682652899
65,reggane,26.7158,0.1714,28.78,10,0,7.93,DZ,1682652899
66,santa maria,-29.6842,-53.8069,12.61,100,0,0.51,BR,1682652899
67,kill devil hills,36.0307,-75.676,18.0,82,100,4.12,US,1682652726
68,bubaque,11.2833,-15.8333,26.42,63,65,6.44,GW,1682652900
69,kingston,17.997,-76.7936,27.53,78,20,4.63,JM,1682652735
70,kone,-21.0595,164.8658,24.73,67,81,3.64,NC,1682652900
71,avarua,-21.2078,-159.775,25.03,65,98,3.6,CK,1682652901
72,xiongzhou,25.1167,114.3,25.66,74,95,2.63,CN,1682652901
73,zacualtipan,20.65,-98.6,16.61,93,84,0.36,MX,1682652902
74,kupang,-10.1667,123.5833,33.32,62,20,3.6,ID,1682652902
75,carnarvon,-24.8667,113.6333,26.25,38,79,9.11,AU,1682652903
76,barcelos,41.5388,-8.6151,17.69,78,100,1.04,PT,1682652903
77,port douglas,-16.4833,145.4667,26.55,64,8,6.33,AU,1682652904
78,as sulayyil,20.4607,45.5779,25.14,34,41,3.26,SA,1682652904
79,daru,-9.0763,143.2092,27.67,84,100,5.64,PG,1682652905
80,port moresby,-9.4431,147.1797,28.68,79,40,3.6,PG,1682652905
81,afaahiti,-17.75,-149.2833,27.93,76,26,3.39,PF,1682652905
82,pisco,-13.7,-76.2167,21.03,83,1,1.03,PE,1682652906
83,levelland,33.5873,-102.378,21.09,25,2,6.95,US,1682652793
84,kokstad,-30.5472,29.4241,10.98,97,18,1.38,ZA,1682652906
85,amahai,-3.3333,128.9167,29.22,74,67,2.72,ID,1682652907
86,wajir,1.7471,40.0573,24.98,88,0,0.0,KE,1682652907
87,uturoa,-16.7333,-151.4333,27.75,76,59,3.65,PF,1682652908
88,minas de marcona,-15.2119,-75.1103,16.57,86,12,3.51,PE,1682652908
89,antalaha,-14.9003,50.2788,24.51,79,24,4.06,MG,1682652908
90,dawesville,30.9224,-84.0091,18.23,97,0,2.06,US,1682652909
91,yanchep,-31.55,115.6833,19.23,38,1,4.75,AU,1682652909
92,sumbe,-11.2061,13.8437,25.0,88,72,2.78,AO,1682652909
93,el nido,11.1858,119.3956,30.03,71,35,6.49,PH,1682652910
94,waitangi,-43.9535,-176.5597,13.23,82,92,0.89,NZ,1682652910
95,akobo,7.4344,3.9497,22.46,94,100,0.34,NG,1682652911
96,lompoc,34.6391,-120.4579,16.08,88,100,4.02,US,1682652911
97,gordonvale,-17.0936,145.7842,31.61,67,42,3.39,AU,1682652911
98,konarka,19.9,86.1167,26.22,59,34,5.44,IN,1682652912
99,remire-montjoly,4.9167,-52.2667,23.02,100,100,0.0,GF,1682652912
100,alofi,-19.0595,-169.9187,25.94,94,98,4.63,NU,1682652913
101,port mathurin,-19.6833,63.4167,26.1,80,76,6.74,MU,1682652913
102,chinde,26.8418,88.0763,20.17,31,35,2.46,NP,1682652913
103,tofol,5.3248,163.0078,27.88,83,100,1.54,FM,1682652914
104,domoni,-12.2569,44.5319,26.81,80,32,3.06,KM,1682652914
105,goiatuba,-18.0125,-49.3547,19.94,84,49,1.19,BR,1682652915
106,kavaratti,10.5669,72.642,28.53,71,89,2.69,IN,1682652915
107,west island,-12.1568,96.8225,28.99,84,75,4.63,CC,1682652916
108,valparaiso,-33.0393,-71.6273,15.56,66,100,1.54,CL,1682652642
109,puerto baquerizo moreno,-0.9,-89.6,25.92,83,73,4.1,EC,1682652916
110,tanabe,33.7333,135.3667,20.56,60,75,4.12,JP,1682652917
111,yaren,-0.5472,166.916,28.94,75,16,6.86,NR,1682652917
112,ewo,-0.8725,14.8206,23.27,85,95,1.99,CG,1682652918
113,leava,-14.3,-178.1667,28.54,70,30,1.99,WF,1682652918
114,santiago de cao,-7.9589,-79.2392,24.07,83,40,4.12,PE,1682652919
115,tera,14.0078,0.7531,28.65,50,50,5.37,NE,1682652919
116,hawaiian paradise park,19.5933,-154.9731,24.85,79,100,4.12,US,1682652919
117,pendencias,-5.26,-36.7222,24.11,86,99,2.06,BR,1682652920
118,colonia,50.9333,6.95,11.18,78,100,3.09,DE,1682652920
119,dakhla,23.6848,-15.958,18.35,94,2,5.08,EH,1682652921
120,hithadhoo,-0.6,73.0833,28.48,76,99,3.54,MV,1682652922
121,nagqu,31.5,92.0,1.23,68,100,3.0,CN,1682652923
122,al jawf,29.5,38.75,19.87,29,4,4.64,SA,1682652923
123,hasaki,35.7333,140.8333,25.68,65,2,9.94,JP,1682652924
124,kapa'a,22.0752,-159.319,26.99,73,40,7.2,US,1682652925
125,fuerte olimpo,-21.0415,-57.8738,17.92,88,0,1.74,PY,1682652925
126,cabo san lucas,22.8909,-109.9124,24.23,56,0,4.12,MX,1682652843
127,lihue,21.9789,-159.3672,26.58,72,40,7.2,US,1682652925
128,nuriootpa,-34.4833,139.0,16.88,58,100,6.03,AU,1682652926
129,charters towers,-20.1,146.2667,28.51,34,81,3.62,AU,1682652926
130,ginir,7.1333,40.7,15.5,87,100,1.7,ET,1682652927
131,ilhabela,-23.7781,-45.3581,22.18,81,97,1.55,BR,1682652927
132,tidjikja,18.5564,-11.4271,28.74,12,0,4.48,MR,1682652927
133,itoman,26.1247,127.6694,27.01,66,75,4.63,JP,1682652928
134,tocopilla,-22.092,-70.1979,20.18,75,6,3.95,CL,1682652664
135,ha tinh,18.3333,105.9,31.07,64,15,2.77,VN,1682652894
136,mount isa,-20.7333,139.5,31.87,29,40,3.6,AU,1682652930
137,fougamou,-1.2154,10.5838,22.67,99,90,0.86,GA,1682652930
138,tupancireta,-29.0806,-53.8358,13.23,82,29,1.24,BR,1682652931
139,port hedland,-20.3167,118.5667,32.03,23,100,5.66,AU,1682652931
140,touros,-5.1989,-35.4608,24.99,89,100,2.75,BR,1682652931
141,hadibu,12.65,54.0333,28.73,68,69,3.25,YE,1682652932
142,caleta de carquin,-11.0925,-77.6267,23.62,81,68,3.5,PE,1682652932
143,valle hermoso,25.6667,-97.8333,24.92,88,7,3.11,MX,1682652651
144,flying fish cove,-10.4217,105.6791,27.3,80,92,9.03,CX,1682652933
145,south hedland,-20.4089,118.5983,31.96,23,100,5.66,AU,1682652933
146,la'ie,21.6477,-157.9253,23.98,85,99,1.34,US,1682652934
147,la paz,-16.5,-68.15,8.65,59,11,3.6,BO,1682652934
148,sabha,27.0377,14.4283,21.18,36,0,5.33,LY,1682652934
149,codrington,-38.2667,141.9667,14.33,54,95,5.57,AU,1682652935
150,pacific grove,36.6177,-121.9166,14.45,84,0,2.68,US,1682652935
151,ghadamis,30.1337,9.5007,22.82,20,0,4.2,LY,1682652935
152,buka,40.8108,69.1986,24.71,28,0,2.04,UZ,1682652936
153,port arthur,38.8,121.2667,14.12,95,100,2.98,CN,1682652936
154,garupa,-27.4817,-55.8292,19.08,82,0,1.54,AR,1682652936
155,namibe,-15.1961,12.1522,23.71,76,29,1.78,AO,1682652937
156,port-aux-francais,-49.35,70.2167,5.58,68,82,11.29,TF,1682652937
157,lagunas,-5.2269,-75.6753,22.33,98,80,0.57,PE,1682652938
158,nadi,-17.8,177.4167,30.0,70,75,3.6,FJ,1682652938
159,lebu,-37.6167,-73.65,14.74,85,100,7.22,CL,1682652697
160,urbano santos,-3.2078,-43.4036,21.56,99,100,0.47,BR,1682652939
161,rongelap,11.1635,166.8941,27.13,82,28,9.11,MH,1682652939
162,kosti,13.1629,32.6635,27.79,57,55,4.03,SD,1682652940
163,st. johns,47.5649,-52.7093,0.54,90,100,5.66,CA,1682652940
164,ta`u,-14.2336,-169.5144,28.01,75,96,4.9,AS,1682652940
165,altamira,-3.2033,-52.2064,22.39,99,99,1.17,BR,1682652941
166,snyder,32.7179,-100.9176,20.19,26,0,4.63,US,1682652941
167,salahonda,2.1019,-78.7217,25.84,85,100,1.52,CO,1682652941
168,kolonia,50.9333,6.95,11.18,78,100,3.09,DE,1682652914
169,djamaa,33.5339,5.9931,22.39,34,37,3.82,DZ,1682652942
170,kudahuvadhoo,2.6708,72.8944,28.68,72,85,2.03,MV,1682652943
171,mormugao,15.4,73.8,28.59,70,20,2.06,IN,1682652943
172,saldanha,-33.0117,17.9442,13.03,80,4,2.28,ZA,1682652943
173,nabire,-3.3667,135.4833,29.82,72,35,2.03,ID,1682652944
174,sao joao da barra,-21.6403,-41.0511,21.85,91,5,2.69,BR,1682652944
175,calabozo,8.9242,-67.4293,26.85,73,99,1.04,VE,1682652944
176,saipan,15.1355,145.701,30.39,79,40,11.32,MP,1682652945
177,tuy hoa,13.0833,109.3,30.65,62,75,3.89,VN,1682652945
178,kailua-kona,19.6406,-155.9956,26.98,82,75,4.63,US,1682652945
179,vila velha,-20.3297,-40.2925,24.97,86,40,1.03,BR,1682652946
180,machala,-3.2667,-79.9667,24.64,90,85,1.46,EC,1682652946
181,cuencame de ceniceros,24.8711,-103.6964,19.76,14,17,1.92,MX,1682652946
182,fianarantsoa,-21.4333,47.0833,14.61,91,91,2.49,MG,1682652947
183,durban,-29.8579,31.0292,23.51,80,62,4.68,ZA,1682652821
184,gualeguay,-33.1416,-59.3097,15.67,86,35,2.95,AR,1682652948
185,arawa,-6.2132,155.5367,28.9,82,43,1.27,PG,1682652948
186,kurmuk,10.55,34.2833,24.75,70,100,1.14,SD,1682652948
187,maracana,-0.7667,-47.45,22.43,99,100,0.32,BR,1682652949
188,haiku-pauwela,20.9219,-156.3051,23.36,88,75,3.09,US,1682652949
189,biltine,14.5333,20.9167,30.07,38,74,7.88,TD,1682652950
190,khash,28.2211,61.2158,20.47,40,100,1.23,IR,1682652950
191,island harbour,50.724,-1.2758,12.31,96,100,3.13,GB,1682652951
192,bontang,0.1333,117.5,29.83,68,73,3.56,ID,1682652951
193,bodden town,19.2833,-81.25,27.21,78,20,3.09,KY,1682652952
194,naze,28.3667,129.4833,23.51,72,100,4.09,JP,1682652952
195,georgetown,5.4112,100.3354,30.96,79,20,2.57,MY,1682652952
196,ha'il,27.5219,41.6907,16.01,67,20,3.09,SA,1682652693
197,kingscliff,-28.2667,153.5667,24.95,50,75,3.6,AU,1682652953
198,babu,24.4167,111.5167,25.52,78,98,2.28,CN,1682652953
199,fale old settlement,-9.3852,-171.2468,28.86,74,100,7.14,TK,1682652953
200,mount pearl,47.5166,-52.7813,0.08,90,100,5.66,CA,1682652954
201,nema,57.5067,50.5011,10.28,86,94,3.16,RU,1682652954
202,marsabit,2.3284,37.9899,17.43,91,95,4.97,KE,1682652954
203,san juan de abajo,20.8167,-105.1833,23.82,83,0,6.17,MX,1682652954
204,savelugu,9.6244,-0.8253,26.61,69,100,3.74,GH,1682652955
205,ash shihaniyah,25.3686,51.2264,25.79,27,0,2.64,QA,1682652955
206,abepura,-2.6333,140.5833,34.45,49,40,2.57,ID,1682652955
207,itaberai,-16.0203,-49.8103,20.43,84,70,0.54,BR,1682652955
208,tadine,-21.55,167.8833,24.26,71,68,7.2,NC,1682652956
209,oume,35.7839,139.2431,23.78,47,20,2.57,JP,1682652956
210,kloulklubed,7.0419,134.2556,31.28,72,65,0.92,PW,1682652956
211,tongouson,5.0214,120.1328,29.1,67,82,0.93,PH,1682652956
212,basoko,1.2391,23.616,22.35,81,92,0.2,CD,1682652957
213,timimoun,29.2639,0.231,25.99,12,0,3.77,DZ,1682652957
214,chichiriviche,10.9333,-68.2772,25.95,91,100,2.95,VE,1682652803
215,manda,-10.4667,34.5833,20.43,78,16,3.44,TZ,1682652958
216,rio san juan,19.6439,-70.0763,24.31,84,100,2.63,DO,1682652958
217,san luis de la loma,17.2706,-100.8939,25.72,72,99,2.6,MX,1682652958
218,ghanzi,-21.5667,21.7833,20.32,40,16,3.2,BW,1682652959
219,rio pardo,-29.9897,-52.3781,14.2,90,95,0.49,BR,1682652959
220,coquimbo,-29.9533,-71.3436,13.85,88,100,1.54,CL,1682652959
221,puerto san jose,13.9256,-90.8244,28.6,68,77,2.86,GT,1682652960
222,tindouf,27.6711,-8.1474,28.25,21,0,3.6,DZ,1682652960
223,boa viagem,-5.1275,-39.7322,20.27,93,95,1.05,BR,1682652960
224,beruwala,6.4788,79.9828,29.62,67,86,1.22,LK,1682652961
225,mundri,-6.9558,111.71,30.67,67,73,1.44,ID,1682652961
226,brisas de zicatela,15.8369,-97.0419,28.29,74,75,3.6,MX,1682652961
227,pitiquito,30.7,-112.0833,24.56,17,0,3.3,MX,1682652962
228,augusto correa,-1.0217,-46.635,23.0,97,100,0.55,BR,1682652962
229,fiambala,-27.6871,-67.6149,19.39,39,0,0.96,AR,1682652962
230,boqueirao,-7.5,-36.1333,23.75,95,99,0.99,BR,1682652963
231,souillac,-20.5167,57.5167,25.21,78,40,2.06,MU,1682652963
232,madera,37.1666,-119.8343,25.67,69,7,2.26,US,1682652877
233,xylofagou,34.9772,33.8492,14.71,89,2,1.91,CY,1682652964
234,northam,51.0333,-4.2167,11.88,98,100,6.0,GB,1682652964
235,le port,-20.9373,55.2919,23.0,85,10,1.07,RE,1682652964
236,richards bay,-28.783,32.0377,23.26,79,100,6.84,ZA,1682652965
237,nemuro,43.3236,145.575,6.48,78,88,1.11,JP,1682652965
238,aswan,24.0934,32.907,24.61,22,0,2.06,EG,1682652965
239,san pedro,14.35,121.0167,33.51,59,20,3.09,PH,1682652966
240,kisangani,0.5167,25.2,21.79,88,100,0.78,CD,1682652966
241,tanout,14.9709,8.8879,28.01,16,51,2.53,NE,1682652967
242,milton,34.1322,-84.3007,15.33,95,100,2.18,US,1682652914
243,cooper's town,26.8667,-77.5167,24.9,75,87,6.44,BS,1682652967
244,okakarara,-20.5833,17.4333,21.05,39,79,1.58,NA,1682652968
245,goth phulji,26.8825,67.6807,30.46,34,56,1.44,PK,1682652968
246,katima mulilo,-17.5,24.2667,14.92,60,26,1.74,NA,1682652968
247,plainview,40.7765,-73.4673,10.92,87,40,1.54,US,1682652969
248,carutapera,-1.195,-46.02,23.79,92,100,0.18,BR,1682652969
249,islamorada,24.9243,-80.6278,28.0,87,53,4.47,US,1682652969
250,zag,46.9441,99.165,3.49,25,84,3.24,MN,1682652969
251,sao pedro,-22.5486,-47.9139,17.74,94,10,0.62,BR,1682652970
252,sienna plantation,29.4861,-95.508,21.12,73,0,0.0,US,1682652970
253,jilib,0.4883,42.7854,24.98,89,98,2.27,SO,1682652970
254,monrovia,6.3005,-10.7969,24.87,79,11,2.71,LR,1682652971
255,umluj,25.0213,37.2685,25.25,47,0,1.35,SA,1682652971
256,luena,-11.7833,19.9167,14.1,72,86,2.57,AO,1682652971
257,benghazi,32.1167,20.0667,16.34,60,11,7.03,LY,1682652972
258,intendente alvear,-35.2338,-63.592,17.33,56,7,4.22,AR,1682652972
259,san ramon de la nueva oran,-23.1322,-64.326,20.24,88,29,0.72,AR,1682652812
260,siwa oasis,29.2041,25.5195,16.08,63,0,3.71,EG,1682652973
261,barah,13.7,30.3667,29.55,11,93,7.22,SD,1682652973
262,lospalos,-8.5186,127.0025,26.15,82,96,4.35,TL,1682652973
263,howard springs,-12.497,131.047,33.82,57,28,3.32,AU,1682652974
264,heroica matamoros,25.8833,-97.5,24.94,90,100,1.54,MX,1682652935
265,paso de la patria,-27.3168,-58.572,17.82,82,23,2.57,AR,1682652975
266,laranjeiras do sul,-25.4078,-52.4161,10.5,96,25,1.26,BR,1682652975
267,taulaga,-11.0553,-171.0883,28.67,72,69,5.98,AS,1682652975
268,tazacorte,28.629,-17.9293,20.64,42,0,2.24,ES,1682652975
269,dera bugti,29.0307,69.151,29.5,25,86,2.99,PK,1682652976
270,ceeldheer,3.8488,47.1806,27.67,76,100,1.51,SO,1682652976
271,east ballina,-28.8667,153.5833,24.33,59,1,3.0,AU,1682652977
272,papao,-17.75,-149.55,28.82,72,19,2.25,PF,1682652977
273,sarupathar,26.1984,93.8094,27.12,33,8,1.78,IN,1682652977
274,buala,-8.145,159.5921,29.65,69,23,2.01,SB,1682652978
275,san pedro de cajas,-11.2511,-75.8617,1.96,94,33,0.71,PE,1682652978
276,kununurra,-15.7667,128.7333,33.99,38,3,4.12,AU,1682652978
277,puerto leguizamo,-0.1934,-74.7819,22.23,98,95,0.52,CO,1682652979
278,tahoua,14.8888,5.2692,27.24,32,57,3.63,NE,1682652979
279,pangai,-19.8,-174.35,29.06,79,75,6.17,TO,1682652979
280,machina,13.1364,10.0492,26.2,47,62,3.99,NG,1682652980
281,shimoda,34.6667,138.95,21.2,58,96,4.91,JP,1682652980
282,aden,12.7794,45.0367,28.88,74,100,1.9,YE,1682652981
283,sao paulo de olivenca,-3.3783,-68.8725,22.91,98,83,0.81,BR,1682652981
284,n'zeto,-7.2312,12.8666,25.68,93,100,2.8,AO,1682652981
285,oistins,13.0667,-59.5333,26.05,89,20,4.12,BB,1682652981
286,acapulco de juarez,16.8634,-99.8901,26.9,74,20,2.06,MX,1682652982
287,sinabang,2.4803,96.3801,28.48,73,99,1.46,ID,1682652982
288,freetown,8.484,-13.2299,25.7,79,92,2.34,SL,1682652983
289,naberera,-4.2,36.9333,16.23,91,100,1.98,TZ,1682652983
290,rio claro,-22.4114,-47.5614,17.26,95,15,0.43,BR,1682652984
291,juruti,-2.1522,-56.0922,23.22,94,91,1.54,BR,1682652984
292,guarapari,-20.6667,-40.4975,24.94,94,14,3.34,BR,1682652797
293,baise city,23.8997,106.6133,29.95,60,94,1.93,CN,1682652985
294,mukalla,14.5425,49.1242,28.66,77,33,1.94,YE,1682652985
295,walvis bay,-22.9575,14.5053,14.49,67,6,4.85,NA,1682652985
296,warren,39.4334,-84.1666,13.47,83,100,2.57,US,1682652986
297,mariental,-24.6333,17.9667,20.66,35,2,1.81,NA,1682652986
298,deqen,29.9618,90.7188,8.35,33,88,2.91,CN,1682652986
299,cockburn town,21.4612,-71.1419,25.61,75,53,5.48,TC,1682652987
300,tomatlan,19.9333,-105.25,19.43,89,0,0.77,MX,1682652987
301,sabang,5.8933,95.3214,28.57,68,100,0.83,ID,1682652987
302,brady,31.1352,-99.3351,18.25,42,0,3.6,US,1682652988
303,hilo,19.7297,-155.09,26.27,82,100,4.12,US,1682652988
304,ardakan,32.31,54.0175,19.02,51,100,2.68,IR,1682652988
305,sung noen,14.8992,101.8207,34.25,100,8,1.55,TH,1682652989
306,lata,40.1629,-8.3327,14.95,80,100,0.97,PT,1682652989
307,arraial do cabo,-22.9661,-42.0278,20.98,94,20,1.03,BR,1682652732
308,boda,4.3189,17.4695,20.86,89,100,1.15,CF,1682652990
309,jayapura,-2.5333,140.7,34.66,80,80,1.7,ID,1682652991
310,cururupu,-1.8283,-44.8683,22.4,98,95,0.31,BR,1682652991
311,galle,6.0367,80.217,29.33,71,81,4.35,LK,1682652991
312,panyam,9.4167,9.2167,21.21,70,100,2.74,NG,1682652992
313,weno,7.4515,151.8468,25.97,100,100,2.06,FM,1682652992
314,lala musa,32.7024,73.96,24.86,26,92,4.42,PK,1682652993
315,akankpa,5.1264,8.1898,22.43,96,100,1.04,NG,1682652993
316,kualakapuas,-3.0091,114.3876,34.17,53,41,1.12,ID,1682652994
317,mandera,3.9366,41.867,26.08,75,100,6.51,KE,1682652777
318,sarangani,5.4033,125.4636,28.67,76,86,8.64,PH,1682652995
319,meghraj,23.5,73.5,30.52,32,1,1.3,IN,1682652995
320,morehead city,34.7229,-76.726,21.0,88,75,6.26,US,1682652742
321,al faw,29.9776,48.4741,24.0,27,0,1.16,IQ,1682652996
322,doka,13.5167,35.7667,27.28,52,76,2.26,SD,1682652996
323,tsiombe,-25.3,45.4833,21.16,80,5,4.2,MG,1682652997
324,bassar,9.25,0.7833,22.83,83,100,2.12,TG,1682652997
325,senador jose porfirio,-2.5908,-51.9542,22.96,96,100,1.18,BR,1682652997
326,puerto penasco,31.3167,-113.5333,22.73,72,0,1.34,MX,1682652998
327,mejit,10.2753,170.8646,27.47,79,31,7.82,MH,1682652998
328,sorong,-0.8833,131.25,28.75,72,76,3.31,ID,1682652999
329,shahrak,34.1074,64.3052,14.96,22,40,0.83,AF,1682652999
330,bridgetown,13.1,-59.6167,26.27,89,20,4.12,BB,1682652865
331,corpus christi,27.8006,-97.3964,23.32,94,20,2.06,US,1682652969
332,kulhudhuffushi,6.6221,73.07,28.59,74,100,2.07,MV,1682653001
333,deniliquin,-35.5333,144.9667,22.9,39,96,4.9,AU,1682653001
334,port macquarie,-31.4333,152.9167,24.38,58,5,5.8,AU,1682653001
335,bignona,12.8103,-16.2264,22.02,56,21,3.9,SN,1682653002
336,isangel,-19.55,169.2667,26.08,73,45,5.26,VU,1682653002
337,ruwa,-17.8972,31.2371,13.4,88,12,1.19,ZW,1682653003
338,dhuusamarreeb,5.535,46.3861,23.88,84,100,3.82,SO,1682653003
339,piacabucu,-10.4056,-36.4344,24.75,89,13,2.49,BR,1682653003
340,nuku'alofa,-21.1333,-175.2,27.19,89,75,7.72,TO,1682653004
341,brokopondo,4.75,-55.1667,24.46,90,100,2.74,SR,1682653004
342,guerrero negro,27.9769,-114.0611,14.96,89,7,5.81,MX,1682653004
343,la villa del rosario,10.3258,-72.3134,25.34,85,48,3.51,VE,1682653005
344,san patricio,28.017,-97.5169,23.24,80,0,1.98,US,1682653005
345,pyapon,16.2833,95.6833,36.31,30,0,2.51,MM,1682653005
346,kismayo,-0.3582,42.5454,27.06,80,99,3.99,SO,1682653006
347,camiri,-20.05,-63.5167,16.09,93,1,1.13,BO,1682652962
348,caluula,11.9661,50.7569,29.31,59,100,2.12,SO,1682653006
349,aitape,-3.1374,142.3475,29.53,72,99,2.79,PG,1682653007
350,kish,26.5578,54.0194,23.15,88,0,2.06,IR,1682653007
351,bobo-dioulasso,11.1771,-4.2979,27.25,57,0,4.12,BF,1682653007
352,aguada de pasajeros,22.385,-80.8508,24.6,82,56,0.44,CU,1682653007
353,guiyang,26.5833,106.7167,18.27,82,100,2.0,CN,1682653008
354,olinda,-8.0089,-34.8553,25.85,83,40,2.06,BR,1682653008
355,tarakan,3.3,117.6333,31.72,66,75,3.6,ID,1682653008
356,khorixas,-20.3667,14.9667,24.0,41,74,1.55,NA,1682653008
357,taltal,-25.4,-70.4833,17.58,81,4,0.65,CL,1682653009
358,dhankuta,26.9833,87.3333,26.31,22,51,2.14,NP,1682653009
359,nebbi,2.4783,31.0889,18.78,94,100,0.85,UG,1682653009
360,la passe,45.5549,-0.8967,13.13,91,100,1.02,FR,1682653009
361,al bawiti,28.3492,28.8659,15.88,63,0,3.11,EG,1682653010
362,fortaleza,-3.7227,-38.5247,24.07,94,0,1.03,BR,1682652900
363,kaga bandoro,6.9896,19.1874,23.99,69,83,2.86,CF,1682653010
364,mokopane,-24.1944,29.0097,17.44,66,3,1.46,ZA,1682653010
365,tual,-5.6667,132.75,28.24,77,98,7.0,ID,1682653011
366,sawakin,19.1059,37.3321,26.97,47,81,2.72,SD,1682653011
367,el tigre,8.8875,-64.2454,25.62,74,39,4.69,VE,1682653011
368,petropavlovsk-kamchatsky,53.0452,158.6483,3.33,41,75,3.0,RU,1682652815
369,taoudenni,22.6783,-3.9836,29.4,8,0,6.08,ML,1682653012
370,ritchie,-29.038,24.6028,9.56,30,6,0.67,ZA,1682653012
371,totness,5.8833,-56.3167,25.28,90,100,4.25,SR,1682653012
372,cruzeiro do sul,-29.5128,-51.9853,16.95,93,78,1.25,BR,1682653012
373,tobati,-25.25,-57.0667,15.9,88,6,1.67,PY,1682653013
374,shindand,33.3029,62.1474,25.11,14,4,0.65,AF,1682653013
375,mangai,-4.05,19.5333,20.84,99,98,0.48,CD,1682653013
376,broken hill,-31.95,141.4333,21.73,28,63,5.79,AU,1682653013
377,antsiranana,-12.2787,49.2917,25.42,69,20,6.17,MG,1682652867
378,ma'rib,15.4591,45.3253,26.9,37,37,1.98,YE,1682653014
379,calvinia,-31.4707,19.776,8.69,94,0,0.89,ZA,1682653014
380,carlsbad,33.1581,-117.3506,17.7,90,100,1.54,US,1682653014
381,nova vicosa,-17.8919,-39.3719,24.17,87,0,4.69,BR,1682653015
382,errachidia,31.9275,-4.4285,24.03,13,0,3.09,MA,1682653015
383,francistown,-21.17,27.5079,17.76,56,9,2.1,BW,1682653015
384,pasni,25.2631,63.471,26.31,74,45,2.6,PK,1682653016
385,comitancillo,15.0833,-91.7167,14.35,79,78,0.29,GT,1682653016
386,la asuncion,11.0333,-63.8628,19.85,100,53,6.17,VE,1682652894
387,sanga-sanga,5.0725,119.7853,28.47,68,100,1.3,PH,1682653017
388,kerikeri,-35.2268,173.9474,18.28,82,100,1.34,NZ,1682653017
389,belmonte,-15.8631,-38.8828,24.03,83,0,3.49,BR,1682653017
390,nungua,5.6011,-0.0771,25.16,75,100,0.93,GH,1682653018
391,nambucca heads,-30.65,153.0,25.09,63,15,5.69,AU,1682653018
392,auki,-8.7676,160.7034,29.31,71,23,1.45,SB,1682653018
393,gebeit,21.0667,36.3167,23.36,16,2,1.61,SD,1682653018
394,kabare,-2.4683,28.8242,16.17,97,98,0.62,CD,1682653019
395,nouadhibou,20.931,-17.0347,18.99,88,0,7.2,MR,1682653019
396,sao jose da coroa grande,-8.8978,-35.1478,25.31,86,69,0.83,BR,1682653019
397,pangoa,-12.1167,-73.0,19.58,99,92,1.0,PE,1682653020
398,abu zabad,12.35,29.25,27.85,34,100,2.71,SD,1682653020
399,mananara,-16.1667,49.7667,23.42,91,46,2.77,MG,1682653021
400,scottburgh,-30.2867,30.7532,21.66,82,74,3.55,ZA,1682653021
401,bikenibeu village,1.3673,173.1241,30.98,70,20,3.6,KI,1682653021
402,huetamo de nunez,18.5833,-100.8833,29.4,20,100,1.73,MX,1682653021
403,basco,20.4487,121.9702,26.07,85,47,6.74,PH,1682653022
404,pauini,-7.7136,-66.9764,24.48,89,100,0.94,BR,1682653022
405,mkushi,-13.6202,29.3939,11.88,97,20,1.83,ZM,1682652860
406,rouissat,31.9243,5.3502,24.55,18,0,1.51,DZ,1682653023
407,lauro de freitas,-12.8944,-38.3272,25.01,94,20,1.54,BR,1682653023
408,opuwo,-18.0607,13.84,19.75,51,23,1.07,NA,1682653024
409,oranjemund,-28.55,16.4333,13.41,94,5,2.7,NA,1682653025
410,twentynine palms,34.1356,-116.0542,29.08,10,3,2.14,US,1682653025
411,dire,12.2833,-10.9667,26.74,13,84,0.89,ML,1682653026
412,broome,42.2506,-75.833,8.71,76,95,0.89,US,1682653026
413,juan griego,11.0817,-63.9655,20.07,100,64,6.17,VE,1682653026
414,sur,22.5667,59.5289,28.89,57,0,0.85,OM,1682653027
415,armacao de buzios,-22.7469,-41.8817,22.03,88,2,4.03,BR,1682653027
416,tamanrasset,22.785,5.5228,24.95,13,36,5.14,DZ,1682653027
417,hiroshima,34.3963,132.4594,22.02,62,98,2.59,JP,1682652790
418,cacheu,12.2706,-16.1658,22.05,57,25,2.97,GW,1682653028
419,tibati,6.4667,12.6333,18.95,93,100,0.83,CM,1682653029
420,faya-largeau,17.9257,19.1043,26.57,15,2,6.82,TD,1682653029
421,pacocha,-17.5833,-71.3333,19.65,86,58,1.0,PE,1682653030
422,huarmey,-10.0681,-78.1522,24.12,83,74,3.52,PE,1682653030
423,bonthe,7.5264,-12.505,26.42,78,15,2.08,SL,1682653032
424,trairi,-3.2778,-39.2689,22.56,91,100,1.16,BR,1682652962
425,praia,14.9215,-23.5087,22.3,73,20,6.69,CV,1682653032
426,socorro,31.6546,-106.3033,27.56,6,20,5.14,US,1682653033
427,suva,-18.1416,178.4415,24.71,88,75,0.0,FJ,1682652850
428,ati,13.2154,18.3353,27.52,14,22,3.27,TD,1682653033
429,poso,-1.3959,120.7524,31.01,59,54,2.43,ID,1682653033
430,ad dilam,23.9915,47.1627,23.23,40,11,3.26,SA,1682653034
431,margate,51.3813,1.3862,12.05,92,100,1.34,GB,1682653034
432,las tablas,7.7667,-80.2833,25.1,99,63,4.13,PA,1682653035
433,trincomalee,8.5711,81.2335,29.04,71,73,3.95,LK,1682653035
434,calama,-22.4667,-68.9333,11.27,32,0,6.17,CL,1682653035
435,ipameri,-17.7219,-48.1597,18.95,83,2,0.52,BR,1682653036
436,luau,-10.7073,22.2247,12.9,75,83,1.76,AO,1682653036
437,bochum,51.4833,7.2167,10.28,82,100,0.45,DE,1682652787
438,rawai,7.7797,98.3253,32.06,70,100,2.3,TH,1682653037
439,diboll,31.1871,-94.781,15.49,90,0,0.0,US,1682653038
440,quang ngai,15.1167,108.8,32.11,55,14,3.9,VN,1682653038
441,youkounkoun,12.5333,-13.1333,25.86,31,22,2.25,GN,1682653038
442,del rio,29.3627,-100.8968,24.22,39,0,3.6,US,1682653038
443,garissa,-0.4536,39.6401,24.53,80,99,6.29,KE,1682653039
444,cannonvale,-20.2833,148.7,23.66,69,79,6.86,AU,1682653039
445,aripuana,-9.1667,-60.6333,22.12,94,96,0.65,BR,1682653039
446,bindki,26.0333,80.6,34.1,25,100,3.24,IN,1682653040
447,wiwili,13.6268,-85.8254,24.73,60,96,2.06,NI,1682653040
448,kaoma,-14.7833,24.8,12.38,80,4,2.45,ZM,1682653040
449,savalou,7.9281,1.9756,23.41,94,98,1.96,BJ,1682653041
450,hpa-an,16.8906,97.6333,36.44,40,0,1.5,MM,1682653041
451,elanora,-28.127,153.4591,26.98,75,75,3.6,AU,1682653041
452,tateyama,34.9833,139.8667,19.96,68,97,7.92,JP,1682653042
453,qianzhou,28.3167,109.7167,18.88,93,99,0.69,CN,1682653042
454,luderitz,-26.6481,15.1594,15.17,64,70,4.57,NA,1682653043
455,adrar,20.5022,-10.0711,27.6,12,0,2.87,MR,1682653043
456,natchez,31.5604,-91.4032,17.12,94,20,1.54,US,1682653043
457,ugoofaaru,5.6667,73.0,28.89,70,96,1.12,MV,1682653044
458,acarau,-2.8856,-40.12,23.5,87,100,2.23,BR,1682652861
459,vryburg,-26.9566,24.7284,14.98,73,3,1.31,ZA,1682653044
460,bhikangaon,21.8667,75.95,30.56,42,34,0.57,IN,1682653044
461,zhongxing,33.7039,118.6792,23.03,56,69,3.18,CN,1682653045
462,bandar-e lengeh,26.5579,54.8807,23.06,94,20,2.06,IR,1682653045
463,monte patria,-30.6919,-70.9467,17.59,66,1,0.78,CL,1682653046
464,al burayqah,30.4062,19.5739,16.85,62,1,5.91,LY,1682653046
465,funafuti,-8.5243,179.1942,32.0,79,75,5.14,TV,1682653046
466,nicoya,10.1483,-85.452,26.7,79,80,0.92,CR,1682653047
467,saint-francois,46.4154,3.9054,12.69,88,0,0.51,FR,1682653047
468,andergrove,-21.0833,149.1833,24.32,73,33,6.33,AU,1682653047
469,tamarin,-20.3256,57.3706,25.85,76,37,4.46,MU,1682653047
470,lionel town,17.8101,-77.2406,27.94,82,100,2.02,JM,1682653048
471,thiruthani,13.1833,79.6333,32.13,55,96,3.88,IN,1682653048
472,road town,18.4167,-64.6167,27.05,75,70,3.5,VG,1682652856
473,dompu,-8.5356,118.4622,27.93,85,100,1.36,ID,1682653049
474,saint-joseph,-21.3667,55.6167,22.21,72,29,3.2,RE,1682653049
475,mata-utu,-13.2816,-176.1745,28.61,72,77,3.68,WF,1682653050
476,kotido,2.9806,34.1331,19.62,89,100,2.65,UG,1682653050
477,forster,-32.1667,152.5167,25.77,59,1,0.89,AU,1682653051
478,swan hill,-35.3378,143.5544,22.56,36,83,4.87,AU,1682653051
479,isiro,2.7739,27.616,18.18,99,100,1.04,CD,1682653051
480,pariaman,-0.619,100.12,29.03,82,100,1.52,ID,1682653052
481,idri,27.5,13.2667,20.42,35,0,4.72,LY,1682653052
482,berber,18.0216,33.983,26.22,13,59,7.78,SD,1682653053
483,dorongan punta,15.8145,120.3209,34.27,42,10,3.53,PH,1682653053
484,bouafle,6.9904,-5.7442,25.54,99,87,1.55,CI,1682653054
485,wanning,18.8003,110.3967,29.11,70,16,4.41,CN,1682653054
486,bel ombre,-4.6167,55.4167,26.91,83,20,1.54,SC,1682653054
487,el gouna,27.3942,33.6782,23.05,46,0,3.73,EG,1682653055
488,huamachuco,-7.8,-78.0667,10.05,90,92,1.12,PE,1682653055
489,konkwesso,10.8469,4.0984,27.35,63,88,4.23,NG,1682653056
490,ouesso,1.6136,16.0517,22.02,98,100,1.41,CG,1682653056
491,camocim,-2.9022,-40.8411,23.51,91,100,2.42,BR,1682652952
492,san jose,37.3394,-121.895,25.08,51,40,4.12,US,1682652935
493,quatis,-22.4072,-44.2581,17.56,98,21,0.48,BR,1682653057
494,sao martinho,39.5144,-9.1311,16.17,94,99,1.79,PT,1682653057
495,cidreira,-30.1811,-50.2056,16.63,84,3,2.31,BR,1682653057
496,chauk,20.8833,94.8167,35.57,28,1,2.85,MM,1682653058
497,mahibadhoo,3.7833,72.9667,28.82,71,99,1.52,MV,1682653059
498,arba minch,6.0333,37.55,19.07,96,100,0.4,ET,1682653059
499,grootfontein,-19.5667,18.1167,21.5,33,97,2.36,NA,1682653059
500,acajutla,13.5928,-89.8275,27.55,76,67,1.71,SV,1682652824
501,muisne,0.6,-80.0333,25.31,89,100,1.78,EC,1682653060
502,bhadaur,30.4833,75.3167,30.81,25,76,3.16,IN,1682653060
503,ambon,-3.6954,128.1814,29.42,91,40,1.54,ID,1682652985
504,fort bragg,35.139,-79.006,18.23,93,100,2.06,US,1682653043
505,mahina,-17.5065,-149.489,28.87,74,40,2.57,PF,1682653061
506,sangkhla buri,15.1555,98.4536,35.6,40,10,1.52,TH,1682653061
507,warri,5.5167,5.75,22.99,89,100,1.3,NG,1682653061
508,tefe,-3.3542,-64.7114,23.03,97,34,0.52,BR,1682653062
509,salinopolis,-0.6136,-47.3561,24.35,89,100,0.67,BR,1682652974
510,chongqing,29.5628,106.5528,24.18,64,0,1.0,CN,1682653062
511,beau vallon,-20.4189,57.6953,25.68,78,40,2.06,MU,1682653063
512,tripoli,32.8752,13.1875,18.38,62,59,3.29,LY,1682653063
513,kembe,4.6228,21.8865,20.95,88,38,0.42,CF,1682653064
514,soe,-9.8607,124.284,24.94,73,90,2.85,ID,1682653064
515,lakatoro,-16.0999,167.4164,28.74,66,4,3.93,VU,1682653064
516,giyani,-23.3025,30.7187,19.48,66,0,1.43,ZA,1682653065
517,east london,-33.0153,27.9116,16.52,88,75,1.54,ZA,1682653065
518,les anglais,18.3054,-74.2197,24.57,84,93,0.93,HT,1682653065
519,ratnagiri,16.9833,73.3,30.21,52,47,2.18,IN,1682653066
520,at taraf,25.3628,49.725,21.3,24,0,2.71,SA,1682653066
521,colchani,-20.3,-66.9333,7.31,19,0,1.58,BO,1682653066
522,tarrafal de sao nicolau,16.5667,-24.3667,22.11,79,7,5.62,CV,1682653066
523,edd,13.9297,41.6925,30.76,64,85,3.32,ER,1682653067
524,sao tome,0.3365,6.7273,26.86,80,100,2.87,ST,1682653067
525,tucuma,-0.1833,-50.05,23.51,95,100,1.69,BR,1682653067
526,cestos city,5.46,-9.5828,26.95,84,28,2.53,LR,1682653068
527,kannabecho-yahiro,34.5333,133.3833,22.91,46,100,2.64,JP,1682653068
528,puerto palomas,31.7667,-107.6167,20.67,11,8,5.18,MX,1682653068
529,luba,3.4568,8.5547,22.94,81,100,0.75,GQ,1682653069
530,kiunga,-6.1219,141.2906,27.75,92,86,1.22,PG,1682653069
531,conde,-7.2597,-34.9075,24.7,100,20,1.54,BR,1682653069
532,ierapetra,35.01,25.7353,15.64,60,1,9.39,GR,1682653069
533,zarghun shahr,32.8473,68.4457,15.74,43,0,2.04,AF,1682653069
534,jaguaribe,-5.8906,-38.6219,22.61,95,97,1.02,BR,1682653070
535,san salvador,13.6894,-89.1872,24.13,100,95,1.18,SV,1682652966
536,gizo,-8.103,156.8419,29.41,69,35,1.04,SB,1682653070
537,viet tri,21.3019,105.4308,26.97,63,73,2.85,VN,1682653070
538,sambava,-14.2667,50.1667,24.66,82,24,6.33,MG,1682652999
539,mount hagen,-5.8581,144.2274,24.42,57,40,4.12,PG,1682653071
540,wabag,-5.4781,143.7021,17.45,94,85,0.79,PG,1682653071
541,yeosu,34.7546,127.6599,16.16,70,3,3.08,KR,1682653072
542,soledade,-28.8183,-52.5103,10.99,92,41,1.31,BR,1682653072
543,darwin,-12.4611,130.8418,33.86,49,0,3.6,AU,1682653025
544,yashan,22.1975,109.9419,28.83,66,69,6.27,CN,1682653072
545,sebdou,34.637,-1.3314,12.61,19,47,4.14,DZ,1682653073
546,mangrol,21.1167,70.1167,28.06,64,0,2.12,IN,1682653073
547,douz,33.4663,9.0203,19.44,49,54,5.43,TN,1682653073
548,patan,27.6667,85.3333,22.21,53,20,1.03,NP,1682653073
549,nakamura,32.9833,132.9333,19.91,57,76,2.47,JP,1682653074
550,mont-dore,-22.2833,166.5833,25.56,99,92,3.93,NC,1682653074
551,fada,9.5667,8.3,20.54,94,99,1.05,NG,1682653074
552,geraldton,-28.7667,114.6,21.23,43,0,9.26,AU,1682653075
553,sittwe,20.15,92.9,30.63,59,1,3.3,MM,1682653075
554,black point,-34.6187,137.8972,16.22,53,97,5.87,AU,1682653075
555,talara,-4.5772,-81.2719,26.42,83,75,5.14,PE,1682653075
556,thinadhoo,0.5333,72.9333,28.37,73,100,2.66,MV,1682653076
557,jungapeo de juarez,19.45,-100.4833,20.45,41,95,1.61,MX,1682653076
558,tete,-16.1564,33.5867,19.05,100,40,0.0,MZ,1682653076
559,atherton,53.5237,-2.4935,9.01,93,100,0.45,GB,1682653076
560,ixtapa,20.7,-105.2,23.57,83,0,6.17,MX,1682653076
561,margaret river,-33.95,115.0667,16.15,54,50,4.4,AU,1682653077
562,ca mau,9.1769,105.15,32.7,56,97,4.31,VN,1682653077
563,phan rang-thap cham,11.5667,108.9833,33.97,48,60,6.79,VN,1682653077
564,tabou,4.423,-7.3528,26.71,82,89,2.53,CI,1682653077
565,bandarbeyla,9.4942,50.8122,28.64,75,95,4.48,SO,1682653078
566,copala,16.65,-98.9833,25.22,73,10,2.83,MX,1682653078
567,yazd,31.8972,54.3675,16.06,67,75,2.06,IR,1682653079
568,bamboo flat,11.7,92.7167,31.35,61,77,3.15,IN,1682653079
569,kayes,14.0,-11.0,30.31,10,9,2.52,ML,1682653079
570,beira,-19.8436,34.8389,21.05,100,40,1.54,MZ,1682653079
571,kozhikode,11.25,75.7667,29.65,63,87,0.79,IN,1682653079
572,sint michiel liber,12.15,-68.9833,26.9,83,20,5.14,CW,1682653080
573,nili,33.7218,66.1302,17.55,18,3,0.66,AF,1682653080
574,swakopmund,-22.6833,14.5333,14.43,90,8,1.34,NA,1682653080
575,jumla,29.2747,82.1838,15.24,44,60,1.89,NP,1682653081
576,srinivaspur,13.3333,78.2167,28.15,49,85,4.4,IN,1682653081
577,mawlaik,23.6333,94.4167,39.52,17,12,0.79,MM,1682653081
578,cancun,21.1743,-86.8466,26.96,78,40,5.14,MX,1682653068
579,port lincoln,-34.7333,135.8667,16.34,52,57,7.23,AU,1682653082
580,rafsanjan,30.4067,55.9939,15.54,62,90,1.94,IR,1682653082
581,saint augustine beach,29.8505,-81.2654,19.48,94,100,2.06,US,1682653083
582,castelo do piaui,-5.3222,-41.5525,21.24,94,100,1.36,BR,1682653083
583,merizo village,13.2658,144.6691,31.31,84,3,9.08,GU,1682653083
584,xiaoweizhai,26.1903,107.5125,17.39,98,100,0.84,CN,1682653084
585,lusambo,-4.9667,23.45,20.48,97,28,0.74,CD,1682653084
586,bam,29.106,58.357,23.33,33,100,5.76,IR,1682653085
587,ambodifotatra,-16.9833,49.85,26.03,73,75,5.14,MG,1682653085
588,cerro azul,21.2,-97.7333,24.35,87,99,2.43,MX,1682653086
589,angaur state,6.906,134.13,28.96,72,83,1.07,PW,1682653086
590,robertsport,6.7533,-11.3686,28.02,78,11,2.62,LR,1682653087
591,ban houayxay,20.2453,100.4547,34.8,33,0,0.89,LA,1682653087
592,lianzhou,24.7811,112.3825,23.31,90,98,2.06,CN,1682653087
593,illizi,26.4833,8.4667,22.89,14,36,3.82,DZ,1682653088
594,bucerias,20.75,-105.3333,23.99,83,0,6.17,MX,1682653088
595,yasuj,30.6682,51.588,5.75,87,0,0.0,IR,1682653088
596,umm kaddadah,13.6017,26.6876,27.94,19,98,6.25,SD,1682653089
597,sao marcos,-28.9711,-51.0681,13.18,98,69,0.87,BR,1682653089
598,san andres,12.5847,-81.7006,28.01,69,20,1.54,CO,1682653090
599,el bayadh,33.6832,1.0193,19.99,15,60,4.39,DZ,1682653090
600,itamaraca,-7.7478,-34.8256,26.03,85,56,1.57,BR,1682653091
601,inhambane,-23.865,35.3833,21.47,86,12,1.73,MZ,1682653091
602,malanje,-9.5402,16.341,14.88,84,85,2.35,AO,1682653091
603,dzilam gonzalez,21.2833,-88.9333,26.28,66,24,4.2,MX,1682653092
604,ciudad lazaro cardenas,17.9583,-102.2,24.89,72,95,2.54,MX,1682653092
605,arica,-18.475,-70.3042,19.75,72,0,2.57,CL,1682652811
606,mili,6.0815,171.735,28.19,78,54,7.01,MH,1682653093
607,lu-uk,5.9684,121.3122,30.45,64,87,1.0,PH,1682653093
608,teknaf,20.8624,92.3058,31.71,55,1,3.31,BD,1682653094
609,freeport,40.6576,-73.5832,11.2,87,40,2.57,US,1682652906
610,quibala,-10.7337,14.98,13.71,83,28,1.56,AO,1682653094
611,beacon square,28.2086,-82.7554,21.1,92,100,0.89,US,1682653095
612,talpa de allende,20.3833,-104.8167,16.36,60,0,1.31,MX,1682653095
613,venancio aires,-29.6064,-52.1919,16.81,86,84,0.89,BR,1682653096
614,menaka,15.9182,2.4022,28.88,11,0,3.59,ML,1682653097
615,trenggalek,-8.05,111.7167,29.24,77,100,1.82,ID,1682653097
616,prado,-17.3411,-39.2208,23.05,89,0,3.67,BR,1682653097
617,yichun,47.7,128.9,13.64,23,100,3.21,CN,1682653097
618,palikir - national government center,6.9248,158.1611,26.47,94,100,2.06,FM,1682653098
619,manismata,-2.4667,111.0333,30.36,73,92,0.66,ID,1682653098
620,pithoro,25.5167,69.3833,29.37,46,99,4.93,PK,1682653098
621,dawei,14.0833,98.2,34.68,48,5,3.69,MM,1682653099
622,motema,8.6,-11.0333,22.59,94,86,0.73,SL,1682653099
623,sibu,2.3,111.8167,29.17,84,40,1.54,MY,1682653099
624,ebon,4.582,168.6964,28.87,75,92,6.64,MH,1682653100
625,banjar,-8.19,114.9675,29.59,78,84,2.5,ID,1682653100
626,prince albert,53.2001,-105.7677,3.97,75,75,1.03,CA,1682653100
627,ormara,25.2088,64.6357,26.51,66,48,0.96,PK,1682653098
628,pangkalanbuun,-2.6833,111.6167,33.08,57,71,0.91,ID,1682653102
629,parras de la fuente,25.4167,-102.1833,16.84,67,0,4.52,MX,1682653102
630,eyl,7.9803,49.8164,28.1,76,100,2.09,SO,1682653103
631,misratah,32.3754,15.0925,17.28,75,6,4.31,LY,1682653103
632,mizdah,31.4451,12.9801,15.34,57,0,2.15,LY,1682653103
633,gore,-46.1028,168.9436,14.91,68,6,0.05,NZ,1682653103
634,quatre cocos,-20.2078,57.7625,25.61,78,91,4.97,MU,1682653104
635,taungoo,18.9333,96.4333,38.1,27,23,3.84,MM,1682653105
636,callao,-12.0667,-77.15,24.84,78,75,5.14,PE,1682653106
637,jinghong,21.991,100.7341,36.86,25,6,1.12,CN,1682653106
638,port augusta,-32.5,137.7667,18.61,56,100,4.96,AU,1682653107
639,ayr,55.4627,-4.6339,8.06,93,20,1.54,GB,1682653107
640,miandrivazo,-19.5167,45.4667,23.62,70,0,1.83,MG,1682653107
641,sufalat sama'il,23.3167,58.0167,24.82,46,0,1.6,OM,1682653108
642,cabedelo,-6.9811,-34.8339,25.37,86,86,2.71,BR,1682652860
643,mayahi,13.9553,7.6712,27.37,46,96,5.65,NE,1682653108
644,manaure,11.7751,-72.4445,27.82,72,5,6.42,CO,1682653109
645,newman,37.3138,-121.0208,28.13,66,7,0.45,US,1682653109
646,mek'ele,13.4967,39.4753,18.58,58,99,1.9,ET,1682653110
647,rosso,16.4986,-15.8153,21.83,51,0,4.94,SN,1682653110
648,ternate,0.8,127.4,29.38,71,11,2.78,ID,1682653110
649,penal,10.1667,-61.4667,25.5,90,20,3.71,TT,1682653111
650,dwarka,22.2394,68.9678,27.89,66,4,3.17,IN,1682653111
651,urangan,-25.3,152.9,24.0,71,29,6.77,AU,1682653111
652,nieuw amsterdam,5.8833,-55.0833,25.57,90,100,3.43,SR,1682653112
653,mundemba,4.9479,8.8724,23.29,89,100,0.62,CM,1682653113
654,abilene,32.4487,-99.7331,18.43,51,0,3.6,US,1682652919
655,asau,46.4333,26.4,2.51,77,10,2.36,RO,1682653113
656,kitale,1.0157,35.0062,14.04,95,100,0.68,KE,1682653114
657,mawu,29.5923,107.3139,18.68,84,95,0.4,CN,1682653114
658,xai-xai,-25.0519,33.6442,20.56,86,4,4.1,MZ,1682653115
659,andalgala,-27.5819,-66.3165,16.07,48,0,1.37,AR,1682652902
660,buta,2.7858,24.73,21.61,83,100,0.48,CD,1682653115
661,tuburan,6.6439,122.2736,32.05,69,55,2.22,PH,1682653116
662,nueva esperanza,15.2667,-87.6,26.79,77,96,0.75,HN,1682653116
663,yala,6.3333,101.25,34.71,43,100,1.18,TH,1682653116
664,yantzaza,-3.8278,-78.7594,19.98,98,100,0.41,EC,1682653116
665,umarkot,25.3616,69.7362,29.5,46,74,5.13,PK,1682653117
666,mildura,-34.2,142.15,22.82,48,71,6.24,AU,1682653117
667,arafat,21.3594,39.9664,27.38,41,0,1.0,SA,1682653117
668,takeo,10.9167,104.8333,34.85,42,95,2.95,KH,1682653118
669,yangambi,0.8102,24.4336,21.24,85,88,0.89,CD,1682653118
670,laranjeiras,-10.8064,-37.17,24.79,95,19,0.4,BR,1682653119
671,boyolangu,-8.1181,111.8935,29.1,75,100,2.15,ID,1682653120
672,honiara,-9.4333,159.95,29.84,70,20,1.55,SB,1682653120
673,vallenar,-28.5708,-70.7581,15.74,74,0,0.11,CL,1682653120
674,moyale,3.5167,39.0584,19.35,91,100,2.19,KE,1682653121
675,kidal,18.4411,1.4078,27.27,9,0,3.05,ML,1682653121
676,yoko,5.5333,12.3167,17.17,94,100,0.8,CM,1682653122
677,greenville,35.6127,-77.3663,18.09,94,100,3.09,US,1682652889
678,kitui,-1.367,38.0106,17.87,96,100,0.94,KE,1682653122
679,savaneta,12.45,-69.9333,26.94,83,20,7.2,AW,1682653123
680,palu,-0.8917,119.8707,32.88,59,76,1.88,ID,1682653124
681,srikakulam,18.3,83.9,32.88,47,68,2.92,IN,1682653124
682,jutai,-5.1833,-68.9,22.72,98,96,0.86,BR,1682653125
683,singarayakonda,15.25,80.0333,31.9,59,2,4.84,IN,1682653125
684,oxapampa,-10.5775,-75.4017,14.15,98,67,1.66,PE,1682653125
685,cambe,-23.2758,-51.2783,17.38,88,0,1.03,BR,1682653126
686,rio verde de mato grosso,-18.9181,-54.8442,20.7,90,0,1.4,BR,1682653126
687,zouerate,22.7187,-12.4521,25.98,32,1,3.88,MR,1682653126
688,albany,42.6001,-73.9662,8.77,80,41,0.97,US,1682653126
